fecha,dia,mes,anio,afluencia,mes_numerico
2022-01-01,1,Enero,2022,16057,1
2022-01-02,2,Enero,2022,24134,1
2022-01-03,3,Enero,2022,55064,1
2022-01-04,4,Enero,2022,58005,1
2022-01-05,5,Enero,2022,57677,1
2022-01-06,6,Enero,2022,50310,1
2022-01-07,7,Enero,2022,55300,1
2022-01-08,8,Enero,2022,43929,1
2022-01-09,9,Enero,2022,22377,1
2022-01-10,10,Enero,2022,56514,1
2022-01-11,11,Enero,2022,55069,1
2022-01-12,12,Enero,2022,53617,1
2022-01-13,13,Enero,2022,55726,1
2022-01-14,14,Enero,2022,54780,1
2022-01-15,15,Enero,2022,40461,1
2022-01-16,16,Enero,2022,19418,1
2022-01-17,17,Enero,2022,53271,1
2022-01-18,18,Enero,2022,52987,1
2022-01-19,19,Enero,2022,52046,1
2022-01-20,20,Enero,2022,52515,1
2022-01-21,21,Enero,2022,53637,1
2022-01-22,22,Enero,2022,40143,1
2022-01-23,23,Enero,2022,21065,1
2022-01-24,24,Enero,2022,54153,1
2022-01-25,25,Enero,2022,54172,1
2022-01-26,26,Enero,2022,47747,1
2022-01-27,27,Enero,2022,53251,1
2022-01-28,28,Enero,2022,56213,1
2022-01-29,29,Enero,2022,39296,1
2022-01-30,30,Enero,2022,24602,1
2022-01-31,31,Enero,2022,54255,1
2022-02-01,1,Febrero,2022,56447,2
2022-02-02,2,Febrero,2022,59081,2
2022-02-03,3,Febrero,2022,59713,2
2022-02-04,4,Febrero,2022,61077,2
2022-02-05,5,Febrero,2022,47503,2
2022-02-06,6,Febrero,2022,25201,2
2022-02-07,7,Febrero,2022,32082,2
2022-02-08,8,Febrero,2022,64029,2
2022-02-09,9,Febrero,2022,64724,2
2022-02-10,10,Febrero,2022,63630,2
2022-02-11,11,Febrero,2022,64322,2
2022-02-12,12,Febrero,2022,52940,2
2022-02-13,13,Febrero,2022,27401,2
2022-02-14,14,Febrero,2022,66826,2
2022-02-15,15,Febrero,2022,67504,2
2022-02-16,16,Febrero,2022,68352,2
2022-02-17,17,Febrero,2022,66693,2
2022-02-18,18,Febrero,2022,61684,2
2022-02-19,19,Febrero,2022,47604,2
2022-02-20,20,Febrero,2022,37580,2
2022-02-21,21,Febrero,2022,68460,2
2022-02-22,22,Febrero,2022,70827,2
2022-02-23,23,Febrero,2022,70530,2
2022-02-24,24,Febrero,2022,77194,2
2022-02-25,25,Febrero,2022,73122,2
2022-02-26,26,Febrero,2022,51628,2
2022-02-27,27,Febrero,2022,38867,2
2022-02-28,28,Febrero,2022,73248,2
2022-03-01,1,Marzo,2022,76329,3
2022-03-02,2,Marzo,2022,72529,3
2022-03-03,3,Marzo,2022,72158,3
2022-03-04,4,Marzo,2022,74598,3
2022-03-05,5,Marzo,2022,55338,3
2022-03-06,6,Marzo,2022,28883,3
2022-03-07,7,Marzo,2022,72981,3
2022-03-08,8,Marzo,2022,72865,3
2022-03-09,9,Marzo,2022,74238,3
2022-03-10,10,Marzo,2022,75642,3
2022-03-11,11,Marzo,2022,77771,3
2022-03-12,12,Marzo,2022,53231,3
2022-03-13,13,Marzo,2022,32334,3
2022-03-14,14,Marzo,2022,75562,3
2022-03-15,15,Marzo,2022,76101,3
2022-03-16,16,Marzo,2022,79326,3
2022-03-17,17,Marzo,2022,77485,3
2022-03-18,18,Marzo,2022,79097,3
2022-03-19,19,Marzo,2022,51016,3
2022-03-20,20,Marzo,2022,43460,3
2022-03-21,21,Marzo,2022,35052,3
2022-03-22,22,Marzo,2022,78680,3
2022-03-23,23,Marzo,2022,78438,3
2022-03-24,24,Marzo,2022,86307,3
2022-03-25,25,Marzo,2022,78286,3
2022-03-26,26,Marzo,2022,51176,3
2022-03-27,27,Marzo,2022,30553,3
2022-03-28,28,Marzo,2022,75230,3
2022-03-29,29,Marzo,2022,77746,3
2022-03-30,30,Marzo,2022,84928,3
2022-03-31,31,Marzo,2022,77874,3
2022-04-01,1,Abril,2022,80024,4
2022-04-02,2,Abril,2022,59420,4
2022-04-03,3,Abril,2022,31516,4
2022-04-04,4,Abril,2022,76302,4
2022-04-05,5,Abril,2022,80562,4
2022-04-06,6,Abril,2022,80778,4
2022-04-07,7,Abril,2022,80006,4
2022-04-08,8,Abril,2022,79661,4
2022-04-09,9,Abril,2022,56130,4
2022-04-10,10,Abril,2022,31486,4
2022-04-11,11,Abril,2022,64978,4
2022-04-12,12,Abril,2022,73987,4
2022-04-13,13,Abril,2022,63841,4
2022-04-14,14,Abril,2022,40525,4
2022-04-15,15,Abril,2022,31298,4
2022-04-16,16,Abril,2022,38027,4
2022-04-17,17,Abril,2022,28386,4
2022-04-18,18,Abril,2022,64953,4
2022-04-19,19,Abril,2022,66601,4
2022-04-20,20,Abril,2022,72901,4
2022-04-21,21,Abril,2022,66832,4
2022-04-22,22,Abril,2022,68613,4
2022-04-23,23,Abril,2022,50289,4
2022-04-24,24,Abril,2022,32360,4
2022-04-25,25,Abril,2022,77385,4
2022-04-26,26,Abril,2022,76950,4
2022-04-27,27,Abril,2022,78278,4
2022-04-28,28,Abril,2022,77738,4
2022-04-29,29,Abril,2022,79169,4
2022-04-30,30,Abril,2022,59776,4
2022-05-01,1,Mayo,2022,27837,5
2022-05-02,2,Mayo,2022,76610,5
2022-05-03,3,Mayo,2022,81771,5
2022-05-04,4,Mayo,2022,80237,5
2022-05-05,5,Mayo,2022,62987,5
2022-05-06,6,Mayo,2022,81689,5
2022-05-07,7,Mayo,2022,59366,5
2022-05-08,8,Mayo,2022,36048,5
2022-05-09,9,Mayo,2022,76922,5
2022-05-10,10,Mayo,2022,56676,5
2022-05-11,11,Mayo,2022,74864,5
2022-05-12,12,Mayo,2022,84446,5
2022-05-13,13,Mayo,2022,74593,5
2022-05-14,14,Mayo,2022,72540,5
2022-05-15,15,Mayo,2022,38450,5
2022-05-16,16,Mayo,2022,77892,5
2022-05-17,17,Mayo,2022,79560,5
2022-05-18,18,Mayo,2022,81139,5
2022-05-19,19,Mayo,2022,92324,5
2022-05-20,20,Mayo,2022,80720,5
2022-05-21,21,Mayo,2022,61633,5
2022-05-22,22,Mayo,2022,35293,5
2022-05-23,23,Mayo,2022,78024,5
2022-05-24,24,Mayo,2022,79385,5
2022-05-25,25,Mayo,2022,78666,5
2022-05-26,26,Mayo,2022,75831,5
2022-05-27,27,Mayo,2022,78463,5
2022-05-28,28,Mayo,2022,51058,5
2022-05-29,29,Mayo,2022,29924,5
2022-05-30,30,Mayo,2022,77468,5
2022-05-31,31,Mayo,2022,77045,5
2022-06-01,1,Junio,2022,79653,6
2022-06-02,2,Junio,2022,65003,6
2022-06-03,3,Junio,2022,82294,6
2022-06-04,4,Junio,2022,51851,6
2022-06-05,5,Junio,2022,30444,6
2022-06-06,6,Junio,2022,80651,6
2022-06-07,7,Junio,2022,79662,6
2022-06-08,8,Junio,2022,83313,6
2022-06-09,9,Junio,2022,77648,6
2022-06-10,10,Junio,2022,78869,6
2022-06-11,11,Junio,2022,52350,6
2022-06-12,12,Junio,2022,30422,6
2022-06-13,13,Junio,2022,79343,6
2022-06-14,14,Junio,2022,73583,6
2022-06-15,15,Junio,2022,74913,6
2022-06-16,16,Junio,2022,78707,6
2022-06-17,17,Junio,2022,79886,6
2022-06-18,18,Junio,2022,55817,6
2022-06-19,19,Junio,2022,34529,6
2022-06-20,20,Junio,2022,74830,6
2022-06-21,21,Junio,2022,74427,6
2022-06-22,22,Junio,2022,73565,6
2022-06-23,23,Junio,2022,72227,6
2022-06-24,24,Junio,2022,75065,6
2022-06-25,25,Junio,2022,54999,6
2022-06-26,26,Junio,2022,32563,6
2022-06-27,27,Junio,2022,70628,6
2022-06-28,28,Junio,2022,71189,6
2022-06-29,29,Junio,2022,70075,6
2022-06-30,30,Junio,2022,70860,6
2022-07-01,1,Julio,2022,70978,7
2022-07-02,2,Julio,2022,54290,7
2022-07-03,3,Julio,2022,29546,7
2022-07-04,4,Julio,2022,63120,7
2022-07-05,5,Julio,2022,72104,7
2022-07-06,6,Julio,2022,68318,7
2022-07-07,7,Julio,2022,66575,7
2022-07-08,8,Julio,2022,66345,7
2022-07-09,9,Julio,2022,49803,7
2022-07-10,10,Julio,2022,29512,7
2022-07-11,11,Julio,2022,65079,7
2022-07-12,12,Julio,2022,67048,7
2022-07-13,13,Julio,2022,70531,7
2022-07-14,14,Julio,2022,64485,7
2022-07-15,15,Julio,2022,71216,7
2022-07-16,16,Julio,2022,36578,7
2022-07-17,17,Julio,2022,29797,7
2022-07-18,18,Julio,2022,62856,7
2022-07-19,19,Julio,2022,64161,7
2022-07-20,20,Julio,2022,64002,7
2022-07-21,21,Julio,2022,63985,7
2022-07-22,22,Julio,2022,63998,7
2022-07-23,23,Julio,2022,52468,7
2022-07-24,24,Julio,2022,30480,7
2022-07-25,25,Julio,2022,62678,7
2022-07-26,26,Julio,2022,64913,7
2022-07-27,27,Julio,2022,64599,7
2022-07-28,28,Julio,2022,64652,7
2022-07-29,29,Julio,2022,64748,7
2022-07-30,30,Julio,2022,52003,7
2022-07-31,31,Julio,2022,30488,7
2022-08-01,1,Agosto,2022,66553,8
2022-08-02,2,Agosto,2022,67302,8
2022-08-03,3,Agosto,2022,67797,8
2022-08-04,4,Agosto,2022,67068,8
2022-08-05,5,Agosto,2022,69060,8
2022-08-06,6,Agosto,2022,49620,8
2022-08-07,7,Agosto,2022,36432,8
2022-08-08,8,Agosto,2022,70033,8
2022-08-09,9,Agosto,2022,71953,8
2022-08-10,10,Agosto,2022,75741,8
2022-08-11,11,Agosto,2022,75701,8
2022-08-12,12,Agosto,2022,75310,8
2022-08-13,13,Agosto,2022,51205,8
2022-08-14,14,Agosto,2022,36933,8
2022-08-15,15,Agosto,2022,80233,8
2022-08-16,16,Agosto,2022,82012,8
2022-08-17,17,Agosto,2022,84789,8
2022-08-18,18,Agosto,2022,80683,8
2022-08-19,19,Agosto,2022,89374,8
2022-08-20,20,Agosto,2022,62231,8
2022-08-21,21,Agosto,2022,33549,8
2022-08-22,22,Agosto,2022,82272,8
2022-08-23,23,Agosto,2022,83582,8
2022-08-24,24,Agosto,2022,85478,8
2022-08-25,25,Agosto,2022,82271,8
2022-08-26,26,Agosto,2022,82973,8
2022-08-27,27,Agosto,2022,60370,8
2022-08-28,28,Agosto,2022,33323,8
2022-08-29,29,Agosto,2022,87003,8
2022-08-30,30,Agosto,2022,90342,8
2022-08-31,31,Agosto,2022,90149,8
2022-09-01,1,Septiembre,2022,90511,9
2022-09-02,2,Septiembre,2022,87191,9
2022-09-03,3,Septiembre,2022,59926,9
2022-09-04,4,Septiembre,2022,31551,9
2022-09-05,5,Septiembre,2022,91479,9
2022-09-06,6,Septiembre,2022,93481,9
2022-09-07,7,Septiembre,2022,89220,9
2022-09-08,8,Septiembre,2022,86544,9
2022-09-09,9,Septiembre,2022,89240,9
2022-09-10,10,Septiembre,2022,52487,9
2022-09-11,11,Septiembre,2022,35796,9
2022-09-12,12,Septiembre,2022,89783,9
2022-09-13,13,Septiembre,2022,84000,9
2022-09-14,14,Septiembre,2022,98433,9
2022-09-15,15,Septiembre,2022,77968,9
2022-09-16,16,Septiembre,2022,28046,9
2022-09-17,17,Septiembre,2022,60541,9
2022-09-18,18,Septiembre,2022,29566,9
2022-09-19,19,Septiembre,2022,81306,9
2022-09-20,20,Septiembre,2022,89133,9
2022-09-21,21,Septiembre,2022,88651,9
2022-09-22,22,Septiembre,2022,77940,9
2022-09-23,23,Septiembre,2022,80754,9
2022-09-24,24,Septiembre,2022,51475,9
2022-09-25,25,Septiembre,2022,32209,9
2022-09-26,26,Septiembre,2022,87204,9
2022-09-27,27,Septiembre,2022,88495,9
2022-09-28,28,Septiembre,2022,84889,9
2022-09-29,29,Septiembre,2022,82535,9
2022-09-30,30,Septiembre,2022,85982,9
2022-10-01,1,Octubre,2022,60768,10
2022-10-02,2,Octubre,2022,33593,10
2022-10-03,3,Octubre,2022,84509,10
2022-10-04,4,Octubre,2022,84965,10
2022-10-05,5,Octubre,2022,97272,10
2022-10-06,6,Octubre,2022,81956,10
2022-10-07,7,Octubre,2022,86200,10
2022-10-08,8,Octubre,2022,56740,10
2022-10-09,9,Octubre,2022,31161,10
2022-10-10,10,Octubre,2022,84357,10
2022-10-11,11,Octubre,2022,85802,10
2022-10-12,12,Octubre,2022,86153,10
2022-10-13,13,Octubre,2022,85380,10
2022-10-14,14,Octubre,2022,86747,10
2022-10-15,15,Octubre,2022,69448,10
2022-10-16,16,Octubre,2022,34820,10
2022-10-17,17,Octubre,2022,88551,10
2022-10-18,18,Octubre,2022,84566,10
2022-10-19,19,Octubre,2022,86081,10
2022-10-20,20,Octubre,2022,87970,10
2022-10-21,21,Octubre,2022,90791,10
2022-10-22,22,Octubre,2022,70095,10
2022-10-23,23,Octubre,2022,37066,10
2022-10-24,24,Octubre,2022,87509,10
2022-10-25,25,Octubre,2022,89534,10
2022-10-26,26,Octubre,2022,88194,10
2022-10-27,27,Octubre,2022,90734,10
2022-10-28,28,Octubre,2022,90206,10
2022-10-29,29,Octubre,2022,61550,10
2022-10-30,30,Octubre,2022,37589,10
2022-10-31,31,Octubre,2022,86790,10
2022-11-01,1,Noviembre,2022,70351,11
2022-11-02,2,Noviembre,2022,44729,11
2022-11-03,3,Noviembre,2022,85424,11
2022-11-04,4,Noviembre,2022,96657,11
2022-11-05,5,Noviembre,2022,54124,11
2022-11-06,6,Noviembre,2022,34248,11
2022-11-07,7,Noviembre,2022,90705,11
2022-11-08,8,Noviembre,2022,93549,11
2022-11-09,9,Noviembre,2022,91968,11
2022-11-10,10,Noviembre,2022,92340,11
2022-11-11,11,Noviembre,2022,103010,11
2022-11-12,12,Noviembre,2022,59473,11
2022-11-13,13,Noviembre,2022,37679,11
2022-11-14,14,Noviembre,2022,92768,11
2022-11-15,15,Noviembre,2022,91711,11
2022-11-16,16,Noviembre,2022,90860,11
2022-11-17,17,Noviembre,2022,91784,11
2022-11-18,18,Noviembre,2022,92622,11
2022-11-19,19,Noviembre,2022,56447,11
2022-11-20,20,Noviembre,2022,33216,11
2022-11-21,21,Noviembre,2022,53657,11
2022-11-22,22,Noviembre,2022,91571,11
2022-11-23,23,Noviembre,2022,88028,11
2022-11-24,24,Noviembre,2022,89883,11
2022-11-25,25,Noviembre,2022,89919,11
2022-11-26,26,Noviembre,2022,52916,11
2022-11-27,27,Noviembre,2022,36325,11
2022-11-28,28,Noviembre,2022,84272,11
2022-11-29,29,Noviembre,2022,88948,11
2022-11-30,30,Noviembre,2022,88622,11
2022-12-01,1,Diciembre,2022,89082,12
2022-12-02,2,Diciembre,2022,89565,12
2022-12-03,3,Diciembre,2022,64671,12
2022-12-04,4,Diciembre,2022,36605,12
2022-12-05,5,Diciembre,2022,86679,12
2022-12-06,6,Diciembre,2022,90791,12
2022-12-07,7,Diciembre,2022,88825,12
2022-12-08,8,Diciembre,2022,88754,12
2022-12-09,9,Diciembre,2022,105672,12
2022-12-10,10,Diciembre,2022,75302,12
2022-12-11,11,Diciembre,2022,35284,12
2022-12-12,12,Diciembre,2022,66172,12
2022-12-13,13,Diciembre,2022,84149,12
2022-12-14,14,Diciembre,2022,84302,12
2022-12-15,15,Diciembre,2022,64390,12
2022-12-16,16,Diciembre,2022,78839,12
2022-12-17,17,Diciembre,2022,55528,12
2022-12-18,18,Diciembre,2022,34285,12
2022-12-19,19,Diciembre,2022,70828,12
2022-12-20,20,Diciembre,2022,71104,12
2022-12-21,21,Diciembre,2022,68215,12
2022-12-22,22,Diciembre,2022,65682,12
2022-12-23,23,Diciembre,2022,61254,12
2022-12-24,24,Diciembre,2022,33542,12
2022-12-25,25,Diciembre,2022,17100,12
2022-12-26,26,Diciembre,2022,49144,12
2022-12-27,27,Diciembre,2022,29552,12
2022-12-28,28,Diciembre,2022,52426,12
2022-12-29,29,Diciembre,2022,53168,12
2022-12-30,30,Diciembre,2022,51516,12
2022-12-31,31,Diciembre,2022,30001,12
2023-01-01,1,Enero,2023,18895,1
2023-01-02,2,Enero,2023,55444,1
2023-01-03,3,Enero,2023,61756,1
2023-01-04,4,Enero,2023,66173,1
2023-01-05,5,Enero,2023,69213,1
2023-01-06,6,Enero,2023,59729,1
2023-01-07,7,Enero,2023,55476,1
2023-01-08,8,Enero,2023,29598,1
2023-01-09,9,Enero,2023,75014,1
2023-01-10,10,Enero,2023,73653,1
2023-01-11,11,Enero,2023,73469,1
2023-01-12,12,Enero,2023,74437,1
2023-01-13,13,Enero,2023,75832,1
2023-01-14,14,Enero,2023,56921,1
2023-01-15,15,Enero,2023,31613,1
2023-01-16,16,Enero,2023,77671,1
2023-01-17,17,Enero,2023,77344,1
2023-01-18,18,Enero,2023,76294,1
2023-01-19,19,Enero,2023,76391,1
2023-01-20,20,Enero,2023,76393,1
2023-01-21,21,Enero,2023,60560,1
2023-01-22,22,Enero,2023,33585,1
2023-01-23,23,Enero,2023,75011,1
2023-01-24,24,Enero,2023,78221,1
2023-01-25,25,Enero,2023,76956,1
2023-01-26,26,Enero,2023,76258,1
2023-01-27,27,Enero,2023,77737,1
2023-01-28,28,Enero,2023,57508,1
2023-01-29,29,Enero,2023,32788,1
2023-01-30,30,Enero,2023,81006,1
2023-01-31,31,Enero,2023,81801,1
2023-02-01,1,Febrero,2023,83543,2
2023-02-02,2,Febrero,2023,81517,2
2023-02-03,3,Febrero,2023,91821,2
2023-02-04,4,Febrero,2023,59351,2
2023-02-05,5,Febrero,2023,32398,2
2023-02-06,6,Febrero,2023,37594,2
2023-02-07,7,Febrero,2023,86976,2
2023-02-08,8,Febrero,2023,86680,2
2023-02-09,9,Febrero,2023,88135,2
2023-02-10,10,Febrero,2023,86555,2
2023-02-11,11,Febrero,2023,63533,2
2023-02-12,12,Febrero,2023,33235,2
2023-02-13,13,Febrero,2023,85536,2
2023-02-14,14,Febrero,2023,86015,2
2023-02-15,15,Febrero,2023,85320,2
2023-02-16,16,Febrero,2023,86439,2
2023-02-17,17,Febrero,2023,86401,2
2023-02-18,18,Febrero,2023,55718,2
2023-02-19,19,Febrero,2023,41826,2
2023-02-20,20,Febrero,2023,89635,2
2023-02-21,21,Febrero,2023,89555,2
2023-02-22,22,Febrero,2023,97167,2
2023-02-23,23,Febrero,2023,91354,2
2023-02-24,24,Febrero,2023,91462,2
2023-02-25,25,Febrero,2023,64166,2
2023-02-26,26,Febrero,2023,34069,2
2023-02-27,27,Febrero,2023,90287,2
2023-02-28,28,Febrero,2023,90404,2
2023-03-01,1,Marzo,2023,91436,3
2023-03-02,2,Marzo,2023,89192,3
2023-03-03,3,Marzo,2023,89854,3
2023-03-04,4,Marzo,2023,67670,3
2023-03-05,5,Marzo,2023,34216,3
2023-03-06,6,Marzo,2023,89765,3
2023-03-07,7,Marzo,2023,91264,3
2023-03-08,8,Marzo,2023,85325,3
2023-03-09,9,Marzo,2023,84349,3
2023-03-10,10,Marzo,2023,91493,3
2023-03-11,11,Marzo,2023,60247,3
2023-03-12,12,Marzo,2023,32706,3
2023-03-13,13,Marzo,2023,88165,3
2023-03-14,14,Marzo,2023,87524,3
2023-03-15,15,Marzo,2023,84719,3
2023-03-16,16,Marzo,2023,87977,3
2023-03-17,17,Marzo,2023,85561,3
2023-03-18,18,Marzo,2023,66533,3
2023-03-19,19,Marzo,2023,35394,3
2023-03-20,20,Marzo,2023,37760,3
2023-03-21,21,Marzo,2023,88475,3
2023-03-22,22,Marzo,2023,87996,3
2023-03-23,23,Marzo,2023,88194,3
2023-03-24,24,Marzo,2023,90738,3
2023-03-25,25,Marzo,2023,55791,3
2023-03-26,26,Marzo,2023,52762,3
2023-03-27,27,Marzo,2023,87537,3
2023-03-28,28,Marzo,2023,86433,3
2023-03-29,29,Marzo,2023,87264,3
2023-03-30,30,Marzo,2023,85535,3
2023-03-31,31,Marzo,2023,63983,3
2023-04-01,1,Abril,2023,60571,4
2023-04-02,2,Abril,2023,33568,4
2023-04-03,3,Abril,2023,66792,4
2023-04-04,4,Abril,2023,66243,4
2023-04-05,5,Abril,2023,65990,4
2023-04-06,6,Abril,2023,42421,4
2023-04-07,7,Abril,2023,31097,4
2023-04-08,8,Abril,2023,42040,4
2023-04-09,9,Abril,2023,28934,4
2023-04-10,10,Abril,2023,70679,4
2023-04-11,11,Abril,2023,71732,4
2023-04-12,12,Abril,2023,74830,4
2023-04-13,13,Abril,2023,74818,4
2023-04-14,14,Abril,2023,76792,4
2023-04-15,15,Abril,2023,66193,4
2023-04-16,16,Abril,2023,33968,4
2023-04-17,17,Abril,2023,84238,4
2023-04-18,18,Abril,2023,83576,4
2023-04-19,19,Abril,2023,85305,4
2023-04-20,20,Abril,2023,82977,4
2023-04-21,21,Abril,2023,81737,4
2023-04-22,22,Abril,2023,62037,4
2023-04-23,23,Abril,2023,32648,4
2023-04-24,24,Abril,2023,84615,4
2023-04-25,25,Abril,2023,86072,4
2023-04-26,26,Abril,2023,84210,4
2023-04-27,27,Abril,2023,81313,4
2023-04-28,28,Abril,2023,80971,4
2023-04-29,29,Abril,2023,56020,4
2023-04-30,30,Abril,2023,33002,4
2023-05-01,1,Mayo,2023,35748,5
2023-05-02,2,Mayo,2023,84007,5
2023-05-03,3,Mayo,2023,85752,5
2023-05-04,4,Mayo,2023,80777,5
2023-05-05,5,Mayo,2023,66622,5
2023-05-06,6,Mayo,2023,65868,5
2023-05-07,7,Mayo,2023,33137,5
2023-05-08,8,Mayo,2023,78751,5
2023-05-09,9,Mayo,2023,82391,5
2023-05-10,10,Mayo,2023,55975,5
2023-05-11,11,Mayo,2023,80705,5
2023-05-12,12,Mayo,2023,79085,5
2023-05-13,13,Mayo,2023,65985,5
2023-05-14,14,Mayo,2023,37536,5
2023-05-15,15,Mayo,2023,71275,5
2023-05-16,16,Mayo,2023,82228,5
2023-05-17,17,Mayo,2023,82543,5
2023-05-18,18,Mayo,2023,84368,5
2023-05-19,19,Mayo,2023,84601,5
2023-05-20,20,Mayo,2023,61331,5
2023-05-21,21,Mayo,2023,48669,5
2023-05-22,22,Mayo,2023,84317,5
2023-05-23,23,Mayo,2023,84401,5
2023-05-24,24,Mayo,2023,83977,5
2023-05-25,25,Mayo,2023,83319,5
2023-05-26,26,Mayo,2023,86412,5
2023-05-27,27,Mayo,2023,54402,5
2023-05-28,28,Mayo,2023,32472,5
2023-05-29,29,Mayo,2023,78538,5
2023-05-30,30,Mayo,2023,81402,5
2023-05-31,31,Mayo,2023,82063,5
2023-06-01,1,Junio,2023,82819,6
2023-06-02,2,Junio,2023,81897,6
2023-06-03,3,Junio,2023,55537,6
2023-06-04,4,Junio,2023,33147,6
2023-06-05,5,Junio,2023,90572,6
2023-06-06,6,Junio,2023,82119,6
2023-06-07,7,Junio,2023,77441,6
2023-06-08,8,Junio,2023,81429,6
2023-06-09,9,Junio,2023,62392,6
2023-06-10,10,Junio,2023,50377,6
2023-06-11,11,Junio,2023,30839,6
2023-06-12,12,Junio,2023,78270,6
2023-06-13,13,Junio,2023,78285,6
2023-06-14,14,Junio,2023,73571,6
2023-06-15,15,Junio,2023,79932,6
2023-06-16,16,Junio,2023,65439,6
2023-06-17,17,Junio,2023,59331,6
2023-06-18,18,Junio,2023,37161,6
2023-06-19,19,Junio,2023,74089,6
2023-06-20,20,Junio,2023,76562,6
2023-06-21,21,Junio,2023,75762,6
2023-06-22,22,Junio,2023,74691,6
2023-06-23,23,Junio,2023,76097,6
2023-06-24,24,Junio,2023,59098,6
2023-06-25,25,Junio,2023,38653,6
2023-06-26,26,Junio,2023,72467,6
2023-06-27,27,Junio,2023,73050,6
2023-06-28,28,Junio,2023,73504,6
2023-06-29,29,Junio,2023,69943,6
2023-06-30,30,Junio,2023,76549,6
2023-07-01,1,Julio,2023,54464,7
2023-07-02,2,Julio,2023,31363,7
2023-07-03,3,Julio,2023,70239,7
2023-07-04,4,Julio,2023,72883,7
2023-07-05,5,Julio,2023,68752,7
2023-07-06,6,Julio,2023,71239,7
2023-07-07,7,Julio,2023,71972,7
2023-07-08,8,Julio,2023,55518,7
2023-07-09,9,Julio,2023,32017,7
2023-07-10,10,Julio,2023,68175,7
2023-07-11,11,Julio,2023,68205,7
2023-07-12,12,Julio,2023,69521,7
2023-07-13,13,Julio,2023,69470,7
2023-07-14,14,Julio,2023,72141,7
2023-07-15,15,Julio,2023,58107,7
2023-07-16,16,Julio,2023,33234,7
2023-07-17,17,Julio,2023,64544,7
2023-07-18,18,Julio,2023,67260,7
2023-07-19,19,Julio,2023,64479,7
2023-07-20,20,Julio,2023,67457,7
2023-07-21,21,Julio,2023,65982,7
2023-07-22,22,Julio,2023,50039,7
2023-07-23,23,Julio,2023,32237,7
2023-07-24,24,Julio,2023,66615,7
2023-07-25,25,Julio,2023,67714,7
2023-07-26,26,Julio,2023,66742,7
2023-07-27,27,Julio,2023,65591,7
2023-07-28,28,Julio,2023,64799,7
2023-07-29,29,Julio,2023,49759,7
2023-07-30,30,Julio,2023,31134,7
2023-07-31,31,Julio,2023,64021,7
2023-08-01,1,Agosto,2023,67538,8
2023-08-02,2,Agosto,2023,68600,8
2023-08-03,3,Agosto,2023,67127,8
2023-08-04,4,Agosto,2023,70861,8
2023-08-05,5,Agosto,2023,51337,8
2023-08-06,6,Agosto,2023,32321,8
2023-08-07,7,Agosto,2023,64923,8
2023-08-08,8,Agosto,2023,73287,8
2023-08-09,9,Agosto,2023,73770,8
2023-08-10,10,Agosto,2023,73579,8
2023-08-11,11,Agosto,2023,73287,8
2023-08-12,12,Agosto,2023,53708,8
2023-08-13,13,Agosto,2023,33802,8
2023-08-14,14,Agosto,2023,71497,8
2023-08-15,15,Agosto,2023,74196,8
2023-08-16,16,Agosto,2023,70734,8
2023-08-17,17,Agosto,2023,71065,8
2023-08-18,18,Agosto,2023,74919,8
2023-08-19,19,Agosto,2023,40630,8
2023-08-20,20,Agosto,2023,31914,8
2023-08-21,21,Agosto,2023,71293,8
2023-08-22,22,Agosto,2023,71267,8
2023-08-23,23,Agosto,2023,77380,8
2023-08-24,24,Agosto,2023,72290,8
2023-08-25,25,Agosto,2023,73782,8
2023-08-26,26,Agosto,2023,61395,8
2023-08-27,27,Agosto,2023,33443,8
2023-08-28,28,Agosto,2023,81982,8
2023-08-29,29,Agosto,2023,86816,8
2023-08-30,30,Agosto,2023,83216,8
2023-08-31,31,Agosto,2023,82733,8
2023-09-01,1,Septiembre,2023,80611,9
2023-09-02,2,Septiembre,2023,59245,9
2023-09-03,3,Septiembre,2023,38590,9
2023-09-04,4,Septiembre,2023,89030,9
2023-09-05,5,Septiembre,2023,90993,9
2023-09-06,6,Septiembre,2023,89807,9
2023-09-07,7,Septiembre,2023,89245,9
2023-09-08,8,Septiembre,2023,90736,9
2023-09-09,9,Septiembre,2023,54944,9
2023-09-10,10,Septiembre,2023,32270,9
2023-09-11,11,Septiembre,2023,91340,9
2023-09-12,12,Septiembre,2023,90859,9
2023-09-13,13,Septiembre,2023,82439,9
2023-09-14,14,Septiembre,2023,86926,9
2023-09-15,15,Septiembre,2023,66371,9
2023-09-16,16,Septiembre,2023,38670,9
2023-09-17,17,Septiembre,2023,34971,9
2023-09-18,18,Septiembre,2023,88120,9
2023-09-19,19,Septiembre,2023,86931,9
2023-09-20,20,Septiembre,2023,86867,9
2023-09-21,21,Septiembre,2023,88309,9
2023-09-22,22,Septiembre,2023,87779,9
2023-09-23,23,Septiembre,2023,55615,9
2023-09-24,24,Septiembre,2023,42771,9
2023-09-25,25,Septiembre,2023,84076,9
2023-09-26,26,Septiembre,2023,87350,9
2023-09-27,27,Septiembre,2023,86114,9
2023-09-28,28,Septiembre,2023,87561,9
2023-09-29,29,Septiembre,2023,88448,9
2023-09-30,30,Septiembre,2023,68219,9
2023-10-01,1,Octubre,2023,34289,10
2023-10-02,2,Octubre,2023,84565,10
2023-10-03,3,Octubre,2023,94258,10
2023-10-04,4,Octubre,2023,86054,10
2023-10-05,5,Octubre,2023,87513,10
2023-10-06,6,Octubre,2023,84765,10
2023-10-07,7,Octubre,2023,54736,10
2023-10-08,8,Octubre,2023,32788,10
2023-10-09,9,Octubre,2023,84604,10
2023-10-10,10,Octubre,2023,92401,10
2023-10-11,11,Octubre,2023,89436,10
2023-10-12,12,Octubre,2023,84993,10
2023-10-13,13,Octubre,2023,87311,10
2023-10-14,14,Octubre,2023,55065,10
2023-10-15,15,Octubre,2023,35010,10
2023-10-16,16,Octubre,2023,85554,10
2023-10-17,17,Octubre,2023,88418,10
2023-10-18,18,Octubre,2023,87864,10
2023-10-19,19,Octubre,2023,88270,10
2023-10-20,20,Octubre,2023,88713,10
2023-10-21,21,Octubre,2023,70229,10
2023-10-22,22,Octubre,2023,40315,10
2023-10-23,23,Octubre,2023,86777,10
2023-10-24,24,Octubre,2023,83588,10
2023-10-25,25,Octubre,2023,84644,10
2023-10-26,26,Octubre,2023,88306,10
2023-10-27,27,Octubre,2023,89521,10
2023-10-28,28,Octubre,2023,62099,10
2023-10-29,29,Octubre,2023,40002,10
2023-10-30,30,Octubre,2023,83120,10
2023-10-31,31,Octubre,2023,87191,10
2023-11-01,1,Noviembre,2023,73286,11
2023-11-02,2,Noviembre,2023,44146,11
2023-11-03,3,Noviembre,2023,71012,11
2023-11-04,4,Noviembre,2023,66428,11
2023-11-05,5,Noviembre,2023,34378,11
2023-11-06,6,Noviembre,2023,87095,11
2023-11-07,7,Noviembre,2023,87200,11
2023-11-08,8,Noviembre,2023,86911,11
2023-11-09,9,Noviembre,2023,85405,11
2023-11-10,10,Noviembre,2023,85845,11
2023-11-11,11,Noviembre,2023,58066,11
2023-11-12,12,Noviembre,2023,42857,11
2023-11-13,13,Noviembre,2023,84897,11
2023-11-14,14,Noviembre,2023,86832,11
2023-11-15,15,Noviembre,2023,88136,11
2023-11-16,16,Noviembre,2023,84794,11
2023-11-17,17,Noviembre,2023,84255,11
2023-11-18,18,Noviembre,2023,56907,11
2023-11-19,19,Noviembre,2023,39755,11
2023-11-20,20,Noviembre,2023,38305,11
2023-11-21,21,Noviembre,2023,92874,11
2023-11-22,22,Noviembre,2023,84116,11
2023-11-23,23,Noviembre,2023,81324,11
2023-11-24,24,Noviembre,2023,80861,11
2023-11-25,25,Noviembre,2023,55598,11
2023-11-26,26,Noviembre,2023,34562,11
2023-11-27,27,Noviembre,2023,82825,11
2023-11-28,28,Noviembre,2023,85254,11
2023-11-29,29,Noviembre,2023,83385,11
2023-11-30,30,Noviembre,2023,84387,11
2023-12-01,1,Diciembre,2023,88214,12
2023-12-02,2,Diciembre,2023,72732,12
2023-12-03,3,Diciembre,2023,36812,12
2023-12-04,4,Diciembre,2023,80204,12
2023-12-05,5,Diciembre,2023,83232,12
2023-12-06,6,Diciembre,2023,82486,12
2023-12-07,7,Diciembre,2023,81963,12
2023-12-08,8,Diciembre,2023,83883,12
2023-12-09,9,Diciembre,2023,72997,12
2023-12-10,10,Diciembre,2023,37299,12
2023-12-11,11,Diciembre,2023,76422,12
2023-12-12,12,Diciembre,2023,61228,12
2023-12-13,13,Diciembre,2023,72781,12
2023-12-14,14,Diciembre,2023,83281,12
2023-12-15,15,Diciembre,2023,79545,12
2023-12-16,16,Diciembre,2023,56679,12
2023-12-17,17,Diciembre,2023,54411,12
2023-12-18,18,Diciembre,2023,69212,12
2023-12-19,19,Diciembre,2023,67807,12
2023-12-20,20,Diciembre,2023,67898,12
2023-12-21,21,Diciembre,2023,75299,12
2023-12-22,22,Diciembre,2023,65157,12
2023-12-23,23,Diciembre,2023,45396,12
2023-12-24,24,Diciembre,2023,23654,12
2023-12-25,25,Diciembre,2023,18126,12
2023-12-26,26,Diciembre,2023,47228,12
2023-12-27,27,Diciembre,2023,50541,12
2023-12-28,28,Diciembre,2023,50173,12
2023-12-29,29,Diciembre,2023,53388,12
2023-12-30,30,Diciembre,2023,41198,12
2023-12-31,31,Diciembre,2023,22396,12
2024-01-01,1,Enero,2024,18485,1
2024-01-02,2,Enero,2024,41046,1
2024-01-03,3,Enero,2024,43233,1
2024-01-04,4,Enero,2024,46946,1
2024-01-05,5,Enero,2024,61134,1
2024-01-06,6,Enero,2024,44522,1
2024-01-07,7,Enero,2024,29109,1
2024-01-08,8,Enero,2024,70893,1
2024-01-09,9,Enero,2024,74474,1
2024-01-10,10,Enero,2024,72407,1
2024-01-11,11,Enero,2024,74324,1
2024-01-12,12,Enero,2024,73541,1
2024-01-13,13,Enero,2024,51538,1
2024-01-14,14,Enero,2024,31846,1
2024-01-15,15,Enero,2024,75516,1
2024-01-16,16,Enero,2024,74198,1
2024-01-17,17,Enero,2024,74910,1
2024-01-18,18,Enero,2024,76670,1
2024-01-19,19,Enero,2024,75946,1
2024-01-20,20,Enero,2024,60187,1
2024-01-21,21,Enero,2024,29281,1
2024-01-22,22,Enero,2024,72385,1
2024-01-23,23,Enero,2024,74517,1
2024-01-24,24,Enero,2024,75168,1
2024-01-25,25,Enero,2024,74843,1
2024-01-26,26,Enero,2024,78001,1
2024-01-27,27,Enero,2024,53040,1
2024-01-28,28,Enero,2024,33125,1
2024-01-29,29,Enero,2024,75321,1
2024-01-30,30,Enero,2024,74694,1
2024-01-31,31,Enero,2024,73046,1
2024-02-01,1,Febrero,2024,74851,2
2024-02-02,2,Febrero,2024,72871,2
2024-02-03,3,Febrero,2024,58162,2
2024-02-04,4,Febrero,2024,32031,2
2024-02-05,5,Febrero,2024,35472,2
2024-02-06,6,Febrero,2024,74722,2
2024-02-07,7,Febrero,2024,73264,2
2024-02-08,8,Febrero,2024,85258,2
2024-02-09,9,Febrero,2024,89737,2
2024-02-10,10,Febrero,2024,65751,2
2024-02-11,11,Febrero,2024,33839,2
2024-02-12,12,Febrero,2024,71689,2
2024-02-13,13,Febrero,2024,81139,2
2024-02-14,14,Febrero,2024,80994,2
2024-02-15,15,Febrero,2024,80375,2
2024-02-16,16,Febrero,2024,82479,2
2024-02-17,17,Febrero,2024,48137,2
2024-02-18,18,Febrero,2024,34670,2
2024-02-19,19,Febrero,2024,83574,2
2024-02-20,20,Febrero,2024,83375,2
2024-02-21,21,Febrero,2024,87284,2
2024-02-22,22,Febrero,2024,83848,2
2024-02-23,23,Febrero,2024,90654,2
2024-02-24,24,Febrero,2024,65184,2
2024-02-25,25,Febrero,2024,35915,2
2024-02-26,26,Febrero,2024,83957,2
2024-02-27,27,Febrero,2024,86460,2
2024-02-28,28,Febrero,2024,86092,2
2024-02-29,29,Febrero,2024,85054,2
2024-03-01,1,Marzo,2024,89778,3
2024-03-02,2,Marzo,2024,73027,3
2024-03-03,3,Marzo,2024,34454,3
2024-03-04,4,Marzo,2024,85703,3
2024-03-05,5,Marzo,2024,87107,3
2024-03-06,6,Marzo,2024,88066,3
2024-03-07,7,Marzo,2024,92415,3
2024-03-08,8,Marzo,2024,79944,3
2024-03-09,9,Marzo,2024,63422,3
2024-03-10,10,Marzo,2024,34927,3
2024-03-11,11,Marzo,2024,85374,3
2024-03-12,12,Marzo,2024,88229,3
2024-03-13,13,Marzo,2024,98613,3
2024-03-14,14,Marzo,2024,87330,3
2024-03-15,15,Marzo,2024,90031,3
2024-03-16,16,Marzo,2024,55177,3
2024-03-17,17,Marzo,2024,35212,3
2024-03-18,18,Marzo,2024,37620,3
2024-03-19,19,Marzo,2024,90349,3
2024-03-20,20,Marzo,2024,90777,3
2024-03-21,21,Marzo,2024,89692,3
2024-03-22,22,Marzo,2024,88299,3
2024-03-23,23,Marzo,2024,54853,3
2024-03-24,24,Marzo,2024,34869,3
2024-03-25,25,Marzo,2024,70190,3
2024-03-26,26,Marzo,2024,68788,3
2024-03-27,27,Marzo,2024,68573,3
2024-03-28,28,Marzo,2024,44536,3
2024-03-29,29,Marzo,2024,41135,3
2024-03-30,30,Marzo,2024,33891,3
2024-03-31,31,Marzo,2024,29655,3
2024-04-01,1,Abril,2024,71509,4
2024-04-02,2,Abril,2024,74442,4
2024-04-03,3,Abril,2024,73502,4
2024-04-04,4,Abril,2024,75756,4
2024-04-05,5,Abril,2024,77261,4
2024-04-06,6,Abril,2024,53590,4
2024-04-07,7,Abril,2024,32801,4
2024-04-08,8,Abril,2024,80449,4
2024-04-09,9,Abril,2024,92554,4
2024-04-10,10,Abril,2024,87198,4
2024-04-11,11,Abril,2024,86686,4
2024-04-12,12,Abril,2024,90264,4
2024-04-13,13,Abril,2024,68649,4
2024-04-14,14,Abril,2024,34537,4
2024-04-15,15,Abril,2024,86914,4
2024-04-16,16,Abril,2024,89076,4
2024-04-17,17,Abril,2024,89589,4
2024-04-18,18,Abril,2024,84611,4
2024-04-19,19,Abril,2024,86168,4
2024-04-20,20,Abril,2024,58534,4
2024-04-21,21,Abril,2024,33240,4
2024-04-22,22,Abril,2024,87601,4
2024-04-23,23,Abril,2024,97864,4
2024-04-24,24,Abril,2024,88860,4
2024-04-25,25,Abril,2024,89104,4
2024-04-26,26,Abril,2024,89648,4
2024-04-27,27,Abril,2024,55811,4
2024-04-28,28,Abril,2024,34845,4
2024-04-29,29,Abril,2024,85967,4
2024-04-30,30,Abril,2024,85721,4
2024-05-01,1,Mayo,2024,41557,5
2024-05-02,2,Mayo,2024,89160,5
2024-05-03,3,Mayo,2024,86814,5
2024-05-04,4,Mayo,2024,76141,5
2024-05-05,5,Mayo,2024,30697,5
2024-05-06,6,Mayo,2024,78105,5
2024-05-07,7,Mayo,2024,77309,5
2024-05-08,8,Mayo,2024,80802,5
2024-05-09,9,Mayo,2024,80245,5
2024-05-10,10,Mayo,2024,55797,5
2024-05-11,11,Mayo,2024,58409,5
2024-05-12,12,Mayo,2024,32128,5
2024-05-13,13,Mayo,2024,78875,5
2024-05-14,14,Mayo,2024,80167,5
2024-05-15,15,Mayo,2024,72583,5
2024-05-16,16,Mayo,2024,88883,5
2024-05-17,17,Mayo,2024,88749,5
2024-05-18,18,Mayo,2024,73479,5
2024-05-19,19,Mayo,2024,39954,5
2024-05-20,20,Mayo,2024,85985,5
2024-05-21,21,Mayo,2024,87020,5
2024-05-22,22,Mayo,2024,87815,5
2024-05-23,23,Mayo,2024,88595,5
2024-05-24,24,Mayo,2024,94536,5
2024-05-25,25,Mayo,2024,58095,5
2024-05-26,26,Mayo,2024,53497,5
2024-05-27,27,Mayo,2024,86414,5
2024-05-28,28,Mayo,2024,98705,5
2024-05-29,29,Mayo,2024,91450,5
2024-05-30,30,Mayo,2024,89465,5
2024-05-31,31,Mayo,2024,84736,5
2024-06-01,1,Junio,2024,55075,6
2024-06-02,2,Junio,2024,32145,6
2024-06-03,3,Junio,2024,83685,6
2024-06-04,4,Junio,2024,88942,6
2024-06-05,5,Junio,2024,89468,6
2024-06-06,6,Junio,2024,88637,6
2024-06-07,7,Junio,2024,91074,6
2024-06-08,8,Junio,2024,54865,6
2024-06-09,9,Junio,2024,34085,6
2024-06-10,10,Junio,2024,85207,6
2024-06-11,11,Junio,2024,90200,6
2024-06-12,12,Junio,2024,84307,6
2024-06-13,13,Junio,2024,87424,6
2024-06-14,14,Junio,2024,87805,6
2024-06-15,15,Junio,2024,65331,6
2024-06-16,16,Junio,2024,40942,6
2024-06-17,17,Junio,2024,86255,6
2024-06-18,18,Junio,2024,88946,6
2024-06-19,19,Junio,2024,88670,6
2024-06-20,20,Junio,2024,88796,6
2024-06-21,21,Junio,2024,85725,6
2024-06-22,22,Junio,2024,62959,6
2024-06-23,23,Junio,2024,41293,6
2024-06-24,24,Junio,2024,80353,6
2024-06-25,25,Junio,2024,85438,6
2024-06-26,26,Junio,2024,84058,6
2024-06-27,27,Junio,2024,84974,6
2024-06-28,28,Junio,2024,82943,6
2024-06-29,29,Junio,2024,58671,6
2024-06-30,30,Junio,2024,34077,6
2024-07-01,1,Julio,2024,81427,7
2024-07-02,2,Julio,2024,88254,7
2024-07-03,3,Julio,2024,87133,7
2024-07-04,4,Julio,2024,85693,7
2024-07-05,5,Julio,2024,87553,7
2024-07-06,6,Julio,2024,61450,7
2024-07-07,7,Julio,2024,36708,7
2024-07-08,8,Julio,2024,83600,7
2024-07-09,9,Julio,2024,81430,7
2024-07-10,10,Julio,2024,82378,7
2024-07-11,11,Julio,2024,82996,7
2024-07-12,12,Julio,2024,86118,7
2024-07-13,13,Julio,2024,60589,7
2024-07-14,14,Julio,2024,36948,7
2024-07-15,15,Julio,2024,80902,7
2024-07-16,16,Julio,2024,81961,7
2024-07-17,17,Julio,2024,82917,7
2024-07-18,18,Julio,2024,82685,7
2024-07-19,19,Julio,2024,81784,7
2024-07-20,20,Julio,2024,59858,7
2024-07-21,21,Julio,2024,38266,7
2024-07-22,22,Julio,2024,77905,7
2024-07-23,23,Julio,2024,81628,7
2024-07-24,24,Julio,2024,81356,7
2024-07-25,25,Julio,2024,82436,7
2024-07-26,26,Julio,2024,81933,7
2024-07-27,27,Julio,2024,59344,7
2024-07-28,28,Julio,2024,36607,7
2024-07-29,29,Julio,2024,80018,7
2024-07-30,30,Julio,2024,82497,7
2024-07-31,31,Julio,2024,83604,7
2024-08-01,1,Agosto,2024,84591,8
2024-08-02,2,Agosto,2024,85309,8
2024-08-03,3,Agosto,2024,61863,8
2024-08-04,4,Agosto,2024,38747,8
2024-08-05,5,Agosto,2024,86964,8
2024-08-06,6,Agosto,2024,86776,8
2024-08-07,7,Agosto,2024,89424,8
2024-08-08,8,Agosto,2024,79239,8
2024-08-09,9,Agosto,2024,87972,8
2024-08-10,10,Agosto,2024,62834,8
2024-08-11,11,Agosto,2024,33502,8
2024-08-12,12,Agosto,2024,89796,8
2024-08-13,13,Agosto,2024,93391,8
2024-08-14,14,Agosto,2024,92860,8
2024-08-15,15,Agosto,2024,90852,8
2024-08-16,16,Agosto,2024,95262,8
2024-08-17,17,Agosto,2024,66097,8
2024-08-18,18,Agosto,2024,42322,8
2024-08-19,19,Agosto,2024,97297,8
2024-08-20,20,Agosto,2024,100900,8
2024-08-21,21,Agosto,2024,101839,8
2024-08-22,22,Agosto,2024,101725,8
2024-08-23,23,Agosto,2024,101307,8
2024-08-24,24,Agosto,2024,67655,8
2024-08-25,25,Agosto,2024,41562,8
2024-08-26,26,Agosto,2024,111242,8
2024-08-27,27,Agosto,2024,113350,8
2024-08-28,28,Agosto,2024,113210,8
2024-08-29,29,Agosto,2024,114320,8
2024-08-30,30,Agosto,2024,117576,8
2024-08-31,31,Agosto,2024,69022,8
2024-09-01,1,Septiembre,2024,41904,9
2024-09-02,2,Septiembre,2024,113899,9
2024-09-03,3,Septiembre,2024,117712,9
2024-09-04,4,Septiembre,2024,117199,9
2024-09-05,5,Septiembre,2024,116933,9
2024-09-06,6,Septiembre,2024,117671,9
2024-09-07,7,Septiembre,2024,63455,9
2024-09-08,8,Septiembre,2024,40335,9
2024-09-09,9,Septiembre,2024,114372,9
2024-09-10,10,Septiembre,2024,118871,9
2024-09-11,11,Septiembre,2024,118949,9
2024-09-12,12,Septiembre,2024,119524,9
2024-09-13,13,Septiembre,2024,114241,9
2024-09-14,14,Septiembre,2024,67235,9
2024-09-15,15,Septiembre,2024,35470,9
2024-09-16,16,Septiembre,2024,30845,9
2024-09-17,17,Septiembre,2024,117024,9
2024-09-18,18,Septiembre,2024,118605,9
2024-09-19,19,Septiembre,2024,119471,9
2024-09-20,20,Septiembre,2024,117681,9
2024-09-21,21,Septiembre,2024,83321,9
2024-09-22,22,Septiembre,2024,51923,9
2024-09-23,23,Septiembre,2024,123247,9
2024-09-24,24,Septiembre,2024,122582,9
2024-09-25,25,Septiembre,2024,121569,9
2024-09-26,26,Septiembre,2024,115853,9
2024-09-27,27,Septiembre,2024,105283,9
2024-09-28,28,Septiembre,2024,68998,9
2024-09-29,29,Septiembre,2024,38624,9
2024-09-30,30,Septiembre,2024,110734,9
2024-10-01,1,Octubre,2024,48184,10
2024-10-02,2,Octubre,2024,114376,10
2024-10-03,3,Octubre,2024,122584,10
2024-10-04,4,Octubre,2024,123335,10
2024-10-05,5,Octubre,2024,71053,10
2024-10-06,6,Octubre,2024,38935,10
2024-10-07,7,Octubre,2024,120900,10
2024-10-08,8,Octubre,2024,124656,10
2024-10-09,9,Octubre,2024,121773,10
2024-10-10,10,Octubre,2024,123383,10
2024-10-11,11,Octubre,2024,124045,10
2024-10-12,12,Octubre,2024,72758,10
2024-10-13,13,Octubre,2024,41645,10
2024-10-14,14,Octubre,2024,121870,10
2024-10-15,15,Octubre,2024,126074,10
2024-10-16,16,Octubre,2024,125336,10
2024-10-17,17,Octubre,2024,124085,10
2024-10-18,18,Octubre,2024,126704,10
2024-10-19,19,Octubre,2024,78251,10
2024-10-20,20,Octubre,2024,44037,10
2024-10-21,21,Octubre,2024,118752,10
2024-10-22,22,Octubre,2024,122620,10
2024-10-23,23,Octubre,2024,121741,10
2024-10-24,24,Octubre,2024,124193,10
2024-10-25,25,Octubre,2024,127277,10
2024-10-26,26,Octubre,2024,82738,10
2024-10-27,27,Octubre,2024,49911,10
2024-10-28,28,Octubre,2024,123406,10
2024-10-29,29,Octubre,2024,126073,10
2024-10-30,30,Octubre,2024,126562,10
2024-10-31,31,Octubre,2024,118408,10
2024-11-01,1,Noviembre,2024,99566,11
2024-11-02,2,Noviembre,2024,59757,11
2024-11-03,3,Noviembre,2024,41744,11
2024-11-04,4,Noviembre,2024,122393,11
2024-11-05,5,Noviembre,2024,126449,11
2024-11-06,6,Noviembre,2024,126092,11
2024-11-07,7,Noviembre,2024,123838,11
2024-11-08,8,Noviembre,2024,138577,11
2024-11-09,9,Noviembre,2024,76281,11
2024-11-10,10,Noviembre,2024,44198,11
2024-11-11,11,Noviembre,2024,123551,11
2024-11-12,12,Noviembre,2024,125110,11
2024-11-13,13,Noviembre,2024,125246,11
2024-11-14,14,Noviembre,2024,129180,11
2024-11-15,15,Noviembre,2024,130359,11
2024-11-16,16,Noviembre,2024,76008,11
2024-11-17,17,Noviembre,2024,45838,11
2024-11-18,18,Noviembre,2024,48957,11
2024-11-19,19,Noviembre,2024,126776,11
2024-11-20,20,Noviembre,2024,122570,11
2024-11-21,21,Noviembre,2024,127701,11
2024-11-22,22,Noviembre,2024,127288,11
2024-11-23,23,Noviembre,2024,75638,11
2024-11-24,24,Noviembre,2024,44591,11
2024-11-25,25,Noviembre,2024,123755,11
2024-11-26,26,Noviembre,2024,123925,11
2024-11-27,27,Noviembre,2024,119745,11
2024-11-28,28,Noviembre,2024,87109,11
2024-11-29,29,Noviembre,2024,125038,11
2024-11-30,30,Noviembre,2024,77339,11
2024-12-01,1,Diciembre,2024,42452,12
2024-12-02,2,Diciembre,2024,118951,12
2024-12-03,3,Diciembre,2024,123561,12
2024-12-04,4,Diciembre,2024,134426,12
2024-12-05,5,Diciembre,2024,124795,12
2024-12-06,6,Diciembre,2024,126193,12
2024-12-07,7,Diciembre,2024,80746,12
2024-12-08,8,Diciembre,2024,47325,12
2024-12-09,9,Diciembre,2024,118054,12
2024-12-10,10,Diciembre,2024,122612,12
2024-12-11,11,Diciembre,2024,118544,12
2024-12-12,12,Diciembre,2024,94852,12
2024-12-13,13,Diciembre,2024,119874,12
2024-12-14,14,Diciembre,2024,86553,12
2024-12-15,15,Diciembre,2024,50181,12
2024-12-16,16,Diciembre,2024,110921,12
2024-12-17,17,Diciembre,2024,109105,12
2024-12-18,18,Diciembre,2024,105540,12
2024-12-19,19,Diciembre,2024,100755,12
2024-12-20,20,Diciembre,2024,100045,12
2024-12-21,21,Diciembre,2024,72896,12
2024-12-22,22,Diciembre,2024,48331,12
2024-12-23,23,Diciembre,2024,81364,12
2024-12-24,24,Diciembre,2024,57143,12
2024-12-25,25,Diciembre,2024,24253,12
2024-12-26,26,Diciembre,2024,70409,12
2024-12-27,27,Diciembre,2024,72987,12
2024-12-28,28,Diciembre,2024,60518,12
2024-12-29,29,Diciembre,2024,41166,12
2024-12-30,30,Diciembre,2024,71477,12
2024-12-31,31,Diciembre,2024,51187,12
2025-01-01,1,Enero,2025,22969,1
2025-01-02,2,Enero,2025,69274,1
2025-01-03,3,Enero,2025,74741,1
2025-01-04,4,Enero,2025,60948,1
2025-01-05,5,Enero,2025,41024,1
2025-01-06,6,Enero,2025,86575,1
2025-01-07,7,Enero,2025,97784,1
2025-01-08,8,Enero,2025,99543,1
2025-01-09,9,Enero,2025,102583,1
2025-01-10,10,Enero,2025,101192,1
2025-01-11,11,Enero,2025,66133,1
2025-01-12,12,Enero,2025,41630,1
2025-01-13,13,Enero,2025,106760,1
2025-01-14,14,Enero,2025,107633,1
2025-01-15,15,Enero,2025,106982,1
2025-01-16,16,Enero,2025,107559,1
2025-01-17,17,Enero,2025,104972,1
2025-01-18,18,Enero,2025,70800,1
2025-01-19,19,Enero,2025,50791,1
2025-01-20,20,Enero,2025,104270,1
2025-01-21,21,Enero,2025,105821,1
2025-01-22,22,Enero,2025,104958,1
2025-01-23,23,Enero,2025,105866,1
2025-01-24,24,Enero,2025,106941,1
2025-01-25,25,Enero,2025,71150,1
2025-01-26,26,Enero,2025,43368,1
2025-01-27,27,Enero,2025,105813,1
2025-01-28,28,Enero,2025,109114,1
2025-01-29,29,Enero,2025,109177,1
2025-01-30,30,Enero,2025,109134,1
2025-01-31,31,Enero,2025,109253,1
2025-02-01,1,Febrero,2025,70569,2
2025-02-02,2,Febrero,2025,40118,2
2025-02-03,3,Febrero,2025,46581,2
2025-02-04,4,Febrero,2025,115647,2
2025-02-05,5,Febrero,2025,115914,2
2025-02-06,6,Febrero,2025,116042,2
2025-02-07,7,Febrero,2025,116859,2
2025-02-08,8,Febrero,2025,73299,2
2025-02-09,9,Febrero,2025,41464,2
2025-02-10,10,Febrero,2025,119745,2
2025-02-11,11,Febrero,2025,126502,2
2025-02-12,12,Febrero,2025,124599,2
2025-02-13,13,Febrero,2025,125693,2
2025-02-14,14,Febrero,2025,126534,2
2025-02-15,15,Febrero,2025,75559,2
2025-02-16,16,Febrero,2025,44470,2
2025-02-17,17,Febrero,2025,126313,2
2025-02-18,18,Febrero,2025,129748,2
2025-02-19,19,Febrero,2025,127270,2
2025-02-20,20,Febrero,2025,128946,2
2025-02-21,21,Febrero,2025,129042,2
2025-02-22,22,Febrero,2025,75058,2
2025-02-23,23,Febrero,2025,43912,2
2025-02-24,24,Febrero,2025,116869,2
2025-02-25,25,Febrero,2025,119665,2
2025-02-26,26,Febrero,2025,127338,2
2025-02-27,27,Febrero,2025,131225,2
2025-02-28,28,Febrero,2025,122734,2
2025-03-01,1,Marzo,2025,72802,3
2025-03-02,2,Marzo,2025,42216,3
2025-03-03,3,Marzo,2025,119130,3
2025-03-04,4,Marzo,2025,122233,3
2025-03-05,5,Marzo,2025,115242,3
2025-03-06,6,Marzo,2025,115643,3
2025-03-07,7,Marzo,2025,123614,3
2025-03-08,8,Marzo,2025,72908,3
2025-03-09,9,Marzo,2025,45835,3
2025-03-10,10,Marzo,2025,125390,3
2025-03-11,11,Marzo,2025,130819,3
2025-03-12,12,Marzo,2025,127571,3
2025-03-13,13,Marzo,2025,127814,3
2025-03-14,14,Marzo,2025,128607,3
2025-03-15,15,Marzo,2025,82414,3
2025-03-16,16,Marzo,2025,43941,3
2025-03-17,17,Marzo,2025,49863,3
2025-03-18,18,Marzo,2025,127965,3
2025-03-19,19,Marzo,2025,131142,3
2025-03-20,20,Marzo,2025,129144,3
2025-03-21,21,Marzo,2025,139743,3
2025-03-22,22,Marzo,2025,88407,3
2025-03-23,23,Marzo,2025,44016,3
2025-03-24,24,Marzo,2025,128204,3
2025-03-25,25,Marzo,2025,127952,3
2025-03-26,26,Marzo,2025,125326,3
2025-03-27,27,Marzo,2025,127321,3
2025-03-28,28,Marzo,2025,134397,3
2025-03-29,29,Marzo,2025,80206,3
2025-03-30,30,Marzo,2025,44787,3
2025-03-31,31,Marzo,2025,126325,3
2025-04-01,1,Abril,2025,130180,4
2025-04-02,2,Abril,2025,129900,4
2025-04-03,3,Abril,2025,129584,4
2025-04-04,4,Abril,2025,75492,4
2025-04-05,5,Abril,2025,75306,4
2025-04-06,6,Abril,2025,44912,4
2025-04-07,7,Abril,2025,121358,4
2025-04-08,8,Abril,2025,127377,4
2025-04-09,9,Abril,2025,127922,4
2025-04-10,10,Abril,2025,128872,4
2025-04-11,11,Abril,2025,129434,4
2025-04-12,12,Abril,2025,67999,4
2025-04-13,13,Abril,2025,46171,4
2025-04-14,14,Abril,2025,95814,4
2025-04-15,15,Abril,2025,96519,4
2025-04-16,16,Abril,2025,92547,4
2025-04-17,17,Abril,2025,57702,4
2025-04-18,18,Abril,2025,39577,4
2025-04-19,19,Abril,2025,44879,4
2025-04-20,20,Abril,2025,37899,4
2025-04-21,21,Abril,2025,101200,4
2025-04-22,22,Abril,2025,105724,4
2025-04-23,23,Abril,2025,104853,4
2025-04-24,24,Abril,2025,106975,4
2025-04-25,25,Abril,2025,108561,4
2025-04-26,26,Abril,2025,71675,4
2025-04-27,27,Abril,2025,46495,4
2025-04-28,28,Abril,2025,122249,4
2025-04-29,29,Abril,2025,121944,4
2025-04-30,30,Abril,2025,120245,4
2025-05-01,1,Mayo,2025,51143,5
2025-05-02,2,Mayo,2025,104564,5
2025-05-03,3,Mayo,2025,68398,5
2025-05-04,4,Mayo,2025,42098,5
2025-05-05,5,Mayo,2025,88014,5
2025-05-06,6,Mayo,2025,114965,5
2025-05-07,7,Mayo,2025,125349,5
2025-05-08,8,Mayo,2025,115811,5
2025-05-09,9,Mayo,2025,112758,5
2025-05-10,10,Mayo,2025,58319,5
2025-05-11,11,Mayo,2025,41154,5
2025-05-12,12,Mayo,2025,118368,5
2025-05-13,13,Mayo,2025,124579,5
2025-05-14,14,Mayo,2025,119083,5
2025-05-15,15,Mayo,2025,104528,5
2025-05-16,16,Mayo,2025,113659,5
2025-05-17,17,Mayo,2025,78966,5
2025-05-18,18,Mayo,2025,47574,5
2025-05-19,19,Mayo,2025,122326,5
2025-05-20,20,Mayo,2025,126745,5
2025-05-21,21,Mayo,2025,125673,5
2025-05-22,22,Mayo,2025,124396,5
2025-05-23,23,Mayo,2025,122726,5
2025-05-24,24,Mayo,2025,76889,5
2025-05-25,25,Mayo,2025,46544,5
2025-05-26,26,Mayo,2025,117892,5
2025-05-27,27,Mayo,2025,123790,5
2025-05-28,28,Mayo,2025,124087,5
2025-05-29,29,Mayo,2025,123370,5
2025-05-30,30,Mayo,2025,116209,5
2025-05-31,31,Mayo,2025,72172,5
2025-06-01,1,Junio,2025,42340,6
2025-06-02,2,Junio,2025,116881,6
2025-06-03,3,Junio,2025,122697,6
2025-06-04,4,Junio,2025,118894,6
2025-06-05,5,Junio,2025,120431,6
2025-06-06,6,Junio,2025,122580,6
2025-06-07,7,Junio,2025,75174,6
2025-06-08,8,Junio,2025,43515,6
2025-06-09,9,Junio,2025,118385,6
2025-06-10,10,Junio,2025,122473,6
2025-06-11,11,Junio,2025,120970,6
2025-06-12,12,Junio,2025,118536,6
2025-06-13,13,Junio,2025,119455,6
2025-06-14,14,Junio,2025,73321,6
2025-06-15,15,Junio,2025,41322,6
2025-06-16,16,Junio,2025,110633,6
2025-06-17,17,Junio,2025,118845,6
2025-06-18,18,Junio,2025,117466,6
2025-06-19,19,Junio,2025,116889,6
2025-06-20,20,Junio,2025,117263,6
2025-06-21,21,Junio,2025,72883,6
2025-06-22,22,Junio,2025,36724,6
2025-06-23,23,Junio,2025,109851,6
2025-06-24,24,Junio,2025,114875,6
2025-06-25,25,Junio,2025,112573,6
2025-06-26,26,Junio,2025,113215,6
2025-06-27,27,Junio,2025,109326,6
2025-06-28,28,Junio,2025,74196,6
2025-06-29,29,Junio,2025,41955,6
2025-06-30,30,Junio,2025,107631,6
2025-07-01,1,Julio,2025,110106,7
2025-07-02,2,Julio,2025,108915,7
2025-07-03,3,Julio,2025,109797,7
2025-07-04,4,Julio,2025,108411,7
2025-07-05,5,Julio,2025,73921,7
2025-07-06,6,Julio,2025,44065,7
2025-07-07,7,Julio,2025,103895,7
2025-07-08,8,Julio,2025,105588,7
2025-07-09,9,Julio,2025,103838,7
2025-07-10,10,Julio,2025,103622,7
2025-07-11,11,Julio,2025,103139,7
2025-07-12,12,Julio,2025,71494,7
2025-07-13,13,Julio,2025,43989,7
2025-07-14,14,Julio,2025,101053,7
2025-07-15,15,Julio,2025,103607,7
2025-07-16,16,Julio,2025,98906,7
2025-07-17,17,Julio,2025,100429,7
2025-07-18,18,Julio,2025,102733,7
2025-07-19,19,Julio,2025,71932,7
2025-07-20,20,Julio,2025,45858,7
2025-07-21,21,Julio,2025,97835,7
2025-07-22,22,Julio,2025,100188,7
2025-07-23,23,Julio,2025,100964,7
2025-07-24,24,Julio,2025,98473,7
2025-07-25,25,Julio,2025,98592,7
2025-07-26,26,Julio,2025,70408,7
2025-07-27,27,Julio,2025,42845,7
2025-07-28,28,Julio,2025,64226,7
2025-07-29,29,Julio,2025,72355,7
2025-07-30,30,Julio,2025,72032,7
2025-07-31,31,Julio,2025,64265,7
2025-08-01,1,Agosto,2025,72589,8
2025-08-02,2,Agosto,2025,50933,8
2025-08-03,3,Agosto,2025,32281,8
2025-08-04,4,Agosto,2025,74960,8
2025-08-05,5,Agosto,2025,76138,8
2025-08-06,6,Agosto,2025,75419,8
2025-08-07,7,Agosto,2025,75483,8
2025-08-08,8,Agosto,2025,75974,8
2025-08-09,9,Agosto,2025,51749,8
2025-08-10,10,Agosto,2025,32038,8
2025-08-11,11,Agosto,2025,78500,8
2025-08-12,12,Agosto,2025,80596,8
2025-08-13,13,Agosto,2025,80668,8
2025-08-14,14,Agosto,2025,78073,8
2025-08-15,15,Agosto,2025,80404,8
2025-08-16,16,Agosto,2025,53570,8
2025-08-17,17,Agosto,2025,32573,8
2025-08-18,18,Agosto,2025,83015,8
2025-08-19,19,Agosto,2025,77873,8
2025-08-20,20,Agosto,2025,87779,8
2025-08-21,21,Agosto,2025,86419,8
2025-08-22,22,Agosto,2025,88984,8
2025-08-23,23,Agosto,2025,58698,8
2025-08-24,24,Agosto,2025,35748,8
2025-08-25,25,Agosto,2025,95523,8
2025-08-26,26,Agosto,2025,98161,8
2025-08-27,27,Agosto,2025,94699,8
2025-08-28,28,Agosto,2025,96764,8
2025-08-29,29,Agosto,2025,96028,8
2025-08-30,30,Agosto,2025,61700,8
2025-08-31,31,Agosto,2025,37231,8
2025-09-01,1,Septiembre,2025,87682,9
2025-09-02,2,Septiembre,2025,88953,9
2025-09-03,3,Septiembre,2025,91207,9
2025-09-04,4,Septiembre,2025,89647,9
2025-09-05,5,Septiembre,2025,91117,9
2025-09-06,6,Septiembre,2025,53102,9
2025-09-07,7,Septiembre,2025,30252,9
2025-09-08,8,Septiembre,2025,90585,9
2025-09-09,9,Septiembre,2025,93055,9
2025-09-10,10,Septiembre,2025,90520,9
2025-09-11,11,Septiembre,2025,91617,9
2025-09-12,12,Septiembre,2025,90322,9
2025-09-13,13,Septiembre,2025,49043,9
2025-09-14,14,Septiembre,2025,30898,9
2025-09-15,15,Septiembre,2025,56831,9
2025-09-16,16,Septiembre,2025,23759,9
2025-09-17,17,Septiembre,2025,92769,9
2025-09-18,18,Septiembre,2025,96820,9
2025-09-19,19,Septiembre,2025,94419,9
2025-09-20,20,Septiembre,2025,52678,9
2025-09-21,21,Septiembre,2025,31561,9
2025-09-22,22,Septiembre,2025,94940,9
2025-09-23,23,Septiembre,2025,96985,9
2025-09-24,24,Septiembre,2025,97871,9
2025-09-25,25,Septiembre,2025,96536,9
2025-09-26,26,Septiembre,2025,95228,9
2025-09-27,27,Septiembre,2025,54548,9
2025-09-28,28,Septiembre,2025,32164,9
2025-09-29,29,Septiembre,2025,93335,9
2025-09-30,30,Septiembre,2025,95490,9
2025-10-01,1,Octubre,2025,103669,10
2025-10-02,2,Octubre,2025,100341,10
2025-10-03,3,Octubre,2025,104879,10
2025-10-04,4,Octubre,2025,59529,10
2025-10-05,5,Octubre,2025,38821,10
2025-10-06,6,Octubre,2025,102484,10
2025-10-07,7,Octubre,2025,105749,10
2025-10-08,8,Octubre,2025,100690,10
2025-10-09,9,Octubre,2025,100256,10
2025-10-10,10,Octubre,2025,104207,10
2025-10-11,11,Octubre,2025,54876,10
2025-10-12,12,Octubre,2025,36953,10
2025-10-13,13,Octubre,2025,104024,10
2025-10-14,14,Octubre,2025,105870,10
2025-10-15,15,Octubre,2025,106448,10
2025-10-16,16,Octubre,2025,102745,10
2025-10-17,17,Octubre,2025,103899,10
2025-10-18,18,Octubre,2025,62254,10
2025-10-19,19,Octubre,2025,39133,10
2025-10-20,20,Octubre,2025,98900,10
2025-10-21,21,Octubre,2025,103762,10
2025-10-22,22,Octubre,2025,99957,10
2025-10-23,23,Octubre,2025,96673,10
2025-10-24,24,Octubre,2025,93132,10
2025-10-25,25,Octubre,2025,59321,10
2025-10-26,26,Octubre,2025,40245,10
2025-10-27,27,Octubre,2025,100479,10
2025-10-28,28,Octubre,2025,105064,10
2025-10-29,29,Octubre,2025,96045,10
2025-10-30,30,Octubre,2025,102614,10
2025-10-31,31,Octubre,2025,97685,10
2025-11-01,1,Noviembre,2025,53131,11
2025-11-02,2,Noviembre,2025,35217,11
2025-11-03,3,Noviembre,2025,96077,11
2025-11-04,4,Noviembre,2025,100575,11
2025-11-05,5,Noviembre,2025,106092,11
2025-11-06,6,Noviembre,2025,97063,11
2025-11-07,7,Noviembre,2025,104263,11
2025-11-08,8,Noviembre,2025,60089,11
2025-11-09,9,Noviembre,2025,35485,11
2025-11-10,10,Noviembre,2025,102736,11
2025-11-11,11,Noviembre,2025,100336,11
2025-11-12,12,Noviembre,2025,103770,11
2025-11-13,13,Noviembre,2025,102532,11
2025-11-14,14,Noviembre,2025,108145,11
2025-11-15,15,Noviembre,2025,57940,11
2025-11-16,16,Noviembre,2025,35643,11
2025-11-17,17,Noviembre,2025,41628,11
2025-11-18,18,Noviembre,2025,100779,11
2025-11-19,19,Noviembre,2025,104592,11
2025-11-20,20,Noviembre,2025,98681,11
2025-11-21,21,Noviembre,2025,101073,11
2025-11-22,22,Noviembre,2025,58678,11
2025-11-23,23,Noviembre,2025,34645,11
2025-11-24,24,Noviembre,2025,97656,11
2025-11-25,25,Noviembre,2025,100535,11
2025-11-26,26,Noviembre,2025,102761,11
2025-11-27,27,Noviembre,2025,101492,11
2025-11-28,28,Noviembre,2025,102165,11
2025-11-29,29,Noviembre,2025,62158,11
2025-11-30,30,Noviembre,2025,37187,11
2025-12-01,1,Diciembre,2025,92929,12
2025-12-02,2,Diciembre,2025,98629,12
2025-12-03,3,Diciembre,2025,92031,12
2025-12-04,4,Diciembre,2025,97401,12
2025-12-05,5,Diciembre,2025,93815,12
2025-12-06,6,Diciembre,2025,59445,12
2025-12-07,7,Diciembre,2025,34799,12
2025-12-08,8,Diciembre,2025,92309,12
2025-12-09,9,Diciembre,2025,95096,12
2025-12-10,10,Diciembre,2025,92295,12
2025-12-11,11,Diciembre,2025,90013,12
2025-12-12,12,Diciembre,2025,72676,12
2025-12-13,13,Diciembre,2025,56570,12
2025-12-14,14,Diciembre,2025,36656,12
2025-12-15,15,Diciembre,2025,85009,12
2025-12-16,16,Diciembre,2025,75652,12
2025-12-17,17,Diciembre,2025,82543,12
2025-12-18,18,Diciembre,2025,80692,12
2025-12-19,19,Diciembre,2025,82898,12
2025-12-20,20,Diciembre,2025,55426,12
2025-12-21,21,Diciembre,2025,37390,12
2025-12-22,22,Diciembre,2025,59294,12
2025-12-23,23,Diciembre,2025,58331,12
2025-12-24,24,Diciembre,2025,38614,12
2025-12-25,25,Diciembre,2025,15091,12
2025-12-26,26,Diciembre,2025,46418,12
2025-12-27,27,Diciembre,2025,38221,12
2025-12-28,28,Diciembre,2025,27046,12
2025-12-29,29,Diciembre,2025,50095,12
2025-12-30,30,Diciembre,2025,49703,12
2025-12-31,31,Diciembre,2025,35559,12
2026-01-01,1,Enero,2026,15566,1
2026-01-02,2,Enero,2026,43816,1
2026-01-03,3,Enero,2026,38934,1
2026-01-04,4,Enero,2026,26145,1
2026-01-05,5,Enero,2026,66221,1
2026-01-06,6,Enero,2026,65481,1
2026-01-07,7,Enero,2026,77001,1
2026-01-08,8,Enero,2026,76040,1
2026-01-09,9,Enero,2026,73560,1
2026-01-10,10,Enero,2026,46838,1
2026-01-11,11,Enero,2026,22585,1
2026-01-12,12,Enero,2026,80152,1
2026-01-13,13,Enero,2026,86206,1
2026-01-14,14,Enero,2026,83541,1
2026-01-15,15,Enero,2026,84222,1
2026-01-16,16,Enero,2026,84631,1
2026-01-17,17,Enero,2026,53033,1
2026-01-18,18,Enero,2026,29958,1
2026-01-19,19,Enero,2026,82512,1
2026-01-20,20,Enero,2026,88546,1
2026-01-21,21,Enero,2026,84379,1
2026-01-22,22,Enero,2026,76960,1
2026-01-23,23,Enero,2026,89224,1
2026-01-24,24,Enero,2026,55122,1
2026-01-25,25,Enero,2026,31981,1
2026-01-26,26,Enero,2026,85090,1
2026-01-27,27,Enero,2026,76590,1
2026-01-28,28,Enero,2026,86111,1
2026-01-29,29,Enero,2026,87579,1
2026-01-30,30,Enero,2026,88670,1
2026-01-31,31,Enero,2026,54861,1
2026-02-01,1,Febrero,2026,38563,2
2026-02-02,2,Febrero,2026,38892,2
2026-02-03,3,Febrero,2026,113510,2
2026-02-04,4,Febrero,2026,115490,2
2026-02-05,5,Febrero,2026,115123,2
2026-02-06,6,Febrero,2026,113231,2
2026-02-07,7,Febrero,2026,66716,2
2026-02-08,8,Febrero,2026,36949,2
2026-02-09,9,Febrero,2026,109125,2
2026-02-10,10,Febrero,2026,111542,2
2026-02-11,11,Febrero,2026,105438,2
2026-02-12,12,Febrero,2026,103552,2
2026-02-13,13,Febrero,2026,107368,2
2026-02-14,14,Febrero,2026,53364,2
2026-02-15,15,Febrero,2026,27170,2
2026-02-16,16,Febrero,2026,93950,2
2026-02-17,17,Febrero,2026,100237,2
2026-02-18,18,Febrero,2026,99967,2
2026-02-19,19,Febrero,2026,100699,2
2026-02-20,20,Febrero,2026,105300,2
2026-02-21,21,Febrero,2026,58787,2
2026-02-22,22,Febrero,2026,29080,2
2026-02-23,23,Febrero,2026,94625,2
2026-02-24,24,Febrero,2026,107695,2
2026-02-25,25,Febrero,2026,108723,2
2026-02-26,26,Febrero,2026,106718,2
2026-02-27,27,Febrero,2026,113581,2
2026-02-28,28,Febrero,2026,62368,2
2026-03-01,1,Marzo,2026,34157,3
2026-03-02,2,Marzo,2026,110849,3
2026-03-03,3,Marzo,2026,117282,3
2026-03-04,4,Marzo,2026,108973,3
2026-03-05,5,Marzo,2026,109594,3
2026-03-06,6,Marzo,2026,113087,3
2026-03-07,7,Marzo,2026,44831,3
2026-03-08,8,Marzo,2026,23212,3
2026-03-09,9,Marzo,2026,101122,3
2026-03-10,10,Marzo,2026,112440,3
2026-03-11,11,Marzo,2026,113712,3
2026-03-12,12,Marzo,2026,112879,3
2026-03-13,13,Marzo,2026,111340,3
2026-03-14,14,Marzo,2026,40710,3
2026-03-15,15,Marzo,2026,24264,3
2026-03-16,16,Marzo,2026,27052,3
2026-03-17,17,Marzo,2026,108784,3
2026-03-18,18,Marzo,2026,113418,3
2026-03-19,19,Marzo,2026,72299,3
2026-03-20,20,Marzo,2026,107736,3
2026-03-21,21,Marzo,2026,31691,3
2026-03-22,22,Marzo,2026,22414,3
2026-03-23,23,Marzo,2026,102388,3
2026-03-24,24,Marzo,2026,107189,3
2026-03-25,25,Marzo,2026,115354,3
2026-03-26,26,Marzo,2026,116803,3
2026-03-27,27,Marzo,2026,112299,3
2026-03-28,28,Marzo,2026,89121,3
2026-03-29,29,Marzo,2026,26129,3
2026-03-30,30,Marzo,2026,78729,3
2026-03-31,31,Marzo,2026,75262,3
2026-04-01,1,Abril,2026,77219,4
2026-04-02,2,Abril,2026,32434,4
2026-04-03,3,Abril,2026,22728,4
2026-04-04,4,Abril,2026,25218,4
2026-04-05,5,Abril,2026,20757,4
2026-04-06,6,Abril,2026,85043,4
2026-04-07,7,Abril,2026,87533,4
2026-04-08,8,Abril,2026,90274,4
2026-04-09,9,Abril,2026,89945,4
2026-04-10,10,Abril,2026,90821,4
2026-04-11,11,Abril,2026,75700,4
2026-04-12,12,Abril,2026,36714,4
2026-04-13,13,Abril,2026,108081,4
2026-04-14,14,Abril,2026,116731,4
2026-04-15,15,Abril,2026,110238,4
2026-04-16,16,Abril,2026,111290,4
2026-04-17,17,Abril,2026,116150,4
2026-04-18,18,Abril,2026,67444,4
2026-04-19,19,Abril,2026,54499,4
2026-04-20,20,Abril,2026,111735,4
2026-04-21,21,Abril,2026,112717,4
2026-04-22,22,Abril,2026,110240,4
2026-04-23,23,Abril,2026,112606,4
2026-04-24,24,Abril,2026,106802,4
2026-04-25,25,Abril,2026,69867,4
2026-04-26,26,Abril,2026,46852,4
2026-04-27,27,Abril,2026,106952,4
2026-04-28,28,Abril,2026,108552,4
2026-04-29,29,Abril,2026,108568,4
2026-04-30,30,Abril,2026,105156,4
